tag id,miRDeep2 score,estimated probability that the miRNA is a true positive,rfam alert,total read count,mature read count,loop read count,star read count,significant randfold p-value,mature miRBase miRNA,example miRBase miRNA with the same seed,UCSC browser,NCBI blastn,consensus mature sequence,consensus star sequence,consensus precursor sequence,precursor coordinate
Montipora_capitata_HIv3___Scaffold_14_1007949,592.7,41 +/- 7%,-,1160,1153,0,7,yes,Adi-Mir-100_5p_Acropora_digitifera_Gajigan_&_Conaco_2017_mir-100;_spi-miR-temp-1,-,-,-,cucccguagauccgaacuugugg,cacagguucgucucuacgguuc,cucccguagauccgaacuugugggguuuucauccacagguucgucucuacgguuc,Montipora_capitata_HIv3___Scaffold_14:8316916..8316971:-
Montipora_capitata_HIv3___Scaffold_2_95308,491.5,41 +/- 7%,-,961,651,0,310,yes,spi-mir-temp-14_Stylophora_pistillata_Liew_et_al._2014_NA,-,-,-,gcaauguuucggcuuguucccg,gggaacaagucgaaacauuaga,gcaauguuucggcuuguucccguuuucgggaacaagucgaaacauuaga,Montipora_capitata_HIv3___Scaffold_2:46381099..46381148:+
Montipora_capitata_HIv3___Scaffold_8_558953,346.3,41 +/- 7%,-,676,650,0,26,yes,spi-mir-temp-14_Stylophora_pistillata_Liew_et_al._2014_NA,-,-,-,ccaauguuucggcuuguucccg,ggaagcaagccgaaacauugua,ccaauguuucggcuuguucccguuuucggaagcaagccgaaacauugua,Montipora_capitata_HIv3___Scaffold_8:39483027..39483076:-
Montipora_capitata_HIv3___Scaffold_11_783731,200.3,41 +/- 7%,-,408,407,0,1,no,cgr-miR-1260_MIMAT0023746_Cricetulus_griseus_miR-1260,-,-,-,aucccaccgcugccacca,aaaugucgcugggggugu,aaaugucgcuggggguguucaacuaucccaccgcugccacca,Montipora_capitata_HIv3___Scaffold_11:2527587..2527629:-
Montipora_capitata_HIv3___Scaffold_8_580085,61.3,41 +/- 7%,-,119,89,0,30,yes,nve-miR-2022-3p_MIMAT0009734_Nematostella_vectensis_miR-2022-3p,-,-,-,aaggacaaaggcuucgagcacaug,auuugcuaguugcuuuugucccgc,aaggacaaaggcuucgagcacauguuuaucauuugcuaguugcuuuugucccgc,Montipora_capitata_HIv3___Scaffold_8:66591742..66591796:-
Montipora_capitata_HIv3___Scaffold_14_981912,25.6,41 +/- 7%,-,49,48,0,1,yes,eca-nve-F-miR-2036_Edwardsiella_carnea_Praher_et_al._2021_Transcriptome-level,-,-,-,gcggugaaagucgucucaauauuca,uauauuguacgacucucaucgug,gcggugaaagucgucucaauauucauuugauguauauuguacgacucucaucgug,Montipora_capitata_HIv3___Scaffold_14:2986505..2986560:+
Montipora_capitata_HIv3___Scaffold_12_901357,2.1,71 +/- 3%,-,330,326,0,4,yes,miR-2030_Nematostella_vectensis_Moran_et_al._2014_NA,-,-,-,auagcauaacauuguaagagaucu,ggacucuuacacuguuaugcugcc,auagcauaacauuguaagagaucuuuuaaggacucuuacacuguuaugcugcc,Montipora_capitata_HIv3___Scaffold_12:38747255..38747308:-
Montipora_capitata_HIv3___Scaffold_1_4143,1.5,75 +/- 2%,-,620,620,0,0,yes,adi-nve-F-miR-2025_Acropora_digitifera__Praher_et_al._2021_NA,-,-,-,aauuuuuagcccgcggaaguugc,aacuuucgcaggauaaaaacucc,aacuuucgcaggauaaaaacuccuuuaugagaauuuuuagcccgcggaaguugc,Montipora_capitata_HIv3___Scaffold_1:8020792..8020846:+
Montipora_capitata_HIv3___Scaffold_6_429722,-4.9,21 +/- 1%,-,2642,2641,0,1,no,pal-miR-9993a-3p_MIMAT0040174_Pteropus_alecto_miR-9993a-3p,-,-,-,aucucggugggaccucca,ugguaagccgggcaucgug,ugguaagccgggcaucgugguucugaucucggugggaccucca,Montipora_capitata_HIv3___Scaffold_6:17708433..17708476:-
Montipora_capitata_HIv3___Scaffold_14_1021990,-6.8,0 +/- 0%,-,6,4,2,0,no,mmu-miR-466i-5p_MIMAT0017325_Mus_musculus_miR-466i-5p,-,-,-,uguguguguguguguguau,uuucgcacugugcuauaua,uuucgcacugugcuauauacuacacguauauccuggggauuuuucacugacucgcagagguggguguguguguguguguguguguguguguguguau,Montipora_capitata_HIv3___Scaffold_14:26060139..26060236:-
Montipora_capitata_HIv3___Scaffold_3_197821,-7.8,0 +/- 0%,-,1,1,0,0,no,mmu-miR-341-3p_MIMAT0000588_Mus_musculus_miR-341-3p,-,-,-,auggaccgguggcucagu,ucagucggucggucggucg,ucagucggucggucggucgaucggucggucggucguucaauggaccgguggcucagu,Montipora_capitata_HIv3___Scaffold_3:19489043..19489100:-
Montipora_capitata_HIv3___Scaffold_4_287501,-14.3,0.00 +/- 0.00,-,10,10,0,0,no,mmu-miR-466i-5p_MIMAT0017325_Mus_musculus_miR-466i-5p,-,-,-,agugugugugugugugugu,uagcaaauucuaacacugu,agugugugugugugugugugugucuguguuucucuguaaucauauuagcaaauucuaacacugu,Montipora_capitata_HIv3___Scaffold_4:35871911..35871975:-
Montipora_capitata_HIv3___Scaffold_9_586702,-17.5,0.00 +/- 0.00,-,295,295,0,0,no,ipu-miR-7550_MIMAT0029545_Ictalurus_punctatus_miR-7550,-,-,-,aauccggcucgaaggacca,gucgauuuauaccagauuua,aauccggcucgaaggaccaaacuuuguucccaaacguaagaacagucgauuuauaccagauuua,Montipora_capitata_HIv3___Scaffold_9:10212151..10212215:+
Montipora_capitata_HIv3___Scaffold_9_614362,-18.3,0.00 +/- 0.00,-,5,5,0,0,no,dme-miR-2491-3p_MIMAT0020912_Drosophila_melanogaster_miR-2491-3p,-,-,-,auuggacauuauggagcgu,gcucaugaugcaacaacag,gcucaugaugcaacaacagcagcagcaaacaaaggcguuauuggacauuauggagcgu,Montipora_capitata_HIv3___Scaffold_9:23210958..23211016:-
Montipora_capitata_HIv3___Scaffold_4_287502,-19.8,0.00 +/- 0.00,-,10,10,0,0,no,mmu-miR-466i-5p_MIMAT0017325_Mus_musculus_miR-466i-5p,-,-,-,agugugugugugugugug,uauaagcgauaguugucg,uauaagcgauaguugucggugaaaguuucaauaugagugugugugugugugug,Montipora_capitata_HIv3___Scaffold_4:35871957..35872010:-